sample_id,algorithm,original_size,compressed_size,compression_ratio,compression_time_ms,decompression_time_ms,verified
sample_000000,gzip,16384,16407,1.00140380859375,0.2124,0.0059,True
sample_000000,bz2,16384,16841,1.02789306640625,1.8714,0.617,True
sample_000000,lzma,16384,16444,1.003662109375,6.9091,0.0409,True
sample_000000,zstd,16384,16394,1.0006103515625,0.02,0.0012,True
sample_000001,gzip,16384,2720,0.166015625,5.0582,0.0186,True
sample_000001,bz2,16384,2697,0.16461181640625,1.1961,0.3356,True
sample_000001,lzma,16384,2612,0.159423828125,10.0736,0.1404,True
sample_000001,zstd,16384,3123,0.19061279296875,0.0472,0.0202,True
sample_000002,gzip,16384,58,0.0035400390625,0.0296,0.0066,True
sample_000002,bz2,16384,51,0.00311279296875,1.4014,0.0863,True
sample_000002,lzma,16384,124,0.007568359375,4.3003,0.0455,True
sample_000002,zstd,16384,22,0.0013427734375,0.0076,0.0034,True
sample_000003,gzip,16384,85,0.00518798828125,0.052,0.0075,True
sample_000003,bz2,16384,130,0.0079345703125,0.1,0.0474,True
sample_000003,lzma,16384,148,0.009033203125,4.4261,0.0571,True
sample_000003,zstd,16384,54,0.0032958984375,0.0075,0.0036,True
sample_000004,gzip,16384,2500,0.152587890625,0.2002,0.0171,True
sample_000004,bz2,16384,1733,0.10577392578125,1.0575,0.1807,True
sample_000004,lzma,16384,2276,0.138916015625,7.7982,0.1392,True
sample_000004,zstd,16384,2789,0.17022705078125,0.0425,0.0167,True
sample_000005,gzip,16384,7637,0.46612548828125,0.2436,0.038,True
sample_000005,bz2,16384,7397,0.45147705078125,2.5825,0.4519,True
sample_000005,lzma,16384,6792,0.41455078125,6.5057,0.3668,True
sample_000005,zstd,16384,7637,0.46612548828125,0.0777,0.0185,True
sample_000006,gzip,65536,65574,1.000579833984375,0.9753,0.014,True
sample_000006,bz2,65536,66181,1.0098419189453125,5.1004,2.3647,True
sample_000006,lzma,65536,65600,1.0009765625,16.3002,0.0944,True
sample_000006,zstd,65536,65546,1.000152587890625,0.1711,0.0022,True
sample_000007,gzip,65536,29243,0.4462127685546875,5.8742,0.158,True
sample_000007,bz2,65536,25562,0.390045166015625,4.089,1.7231,True
sample_000007,lzma,65536,27424,0.41845703125,15.3516,1.2099,True
sample_000007,zstd,65536,28218,0.430572509765625,0.6201,0.0965,True
sample_000008,gzip,65536,434,0.006622314453125,0.1313,0.0148,True
sample_000008,bz2,65536,449,0.0068511962890625,7.2141,0.4241,True
sample_000008,lzma,65536,280,0.0042724609375,4.8597,0.118,True
sample_000008,zstd,65536,148,0.00225830078125,0.114,0.0023,True
sample_000009,gzip,65536,692,0.01055908203125,0.806,0.0192,True
sample_000009,bz2,65536,1299,0.0198211669921875,0.5532,0.2197,True
sample_000009,lzma,65536,636,0.00970458984375,6.2446,0.189,True
sample_000009,zstd,65536,475,0.0072479248046875,0.1256,0.0149,True
sample_000010,gzip,65536,9071,0.1384124755859375,1.5485,0.0725,True
sample_000010,bz2,65536,6680,0.1019287109375,4.0771,0.7363,True
sample_000010,lzma,65536,7408,0.113037109375,19.0982,0.504,True
sample_000010,zstd,65536,10899,0.1663055419921875,0.2825,0.0613,True
sample_000011,gzip,65536,19289,0.2943267822265625,3.9212,0.0763,True
sample_000011,bz2,65536,18564,0.28326416015625,8.5375,1.1219,True
sample_000011,lzma,65536,17588,0.26837158203125,14.4367,0.9071,True
sample_000011,zstd,65536,19215,0.2931976318359375,0.1923,0.0411,True
sample_000012,gzip,262144,262242,1.0003738403320312,4.7554,0.2192,True
sample_000012,bz2,262144,263742,1.0060958862304688,20.1222,10.3804,True
sample_000012,lzma,262144,262216,1.000274658203125,50.5743,0.4774,True
sample_000012,zstd,262144,262159,1.0000572204589844,0.3282,0.006,True
sample_000013,gzip,262144,39821,0.15190505981445312,265.5405,0.2239,True
sample_000013,bz2,262144,42018,0.16028594970703125,15.2591,6.4492,True
sample_000013,lzma,262144,36616,0.139678955078125,142.6753,1.8048,True
sample_000013,zstd,262144,49539,0.18897628784179688,0.8836,0.305,True
sample_000014,gzip,262144,571,0.002178192138671875,0.2991,0.1914,True
sample_000014,bz2,262144,111,0.000423431396484375,26.0867,2.1695,True
sample_000014,lzma,262144,192,0.000732421875,7.0697,0.6989,True
sample_000014,zstd,262144,48,0.00018310546875,0.262,0.0285,True
sample_000015,gzip,262144,32425,0.12369155883789062,7.658,0.2335,True
sample_000015,bz2,262144,23926,0.09127044677734375,3.5424,1.9418,True
sample_000015,lzma,262144,21480,0.081939697265625,77.153,2.0417,True
sample_000015,zstd,262144,20851,0.07954025268554688,0.5749,0.3046,True
sample_000016,gzip,262144,34985,0.13345718383789062,6.2649,0.2415,True
sample_000016,bz2,262144,25547,0.09745407104492188,19.814,3.6974,True
sample_000016,lzma,262144,26400,0.1007080078125,82.1101,2.0412,True
sample_000016,zstd,262144,43038,0.16417694091796875,0.7931,0.2628,True
sample_000017,gzip,262144,85795,0.3272819519042969,25.1663,0.4823,True
sample_000017,bz2,262144,82983,0.3165550231933594,36.5341,5.0847,True
sample_000017,lzma,262144,78812,0.3006439208984375,58.4312,5.366,True
sample_000017,zstd,262144,88124,0.3361663818359375,0.9432,0.2326,True
sample_000018,gzip,1048576,1048914,1.0003223419189453,20.4216,1.0409,True
sample_000018,bz2,1048576,1053597,1.0047883987426758,95.9355,59.9335,True
sample_000018,lzma,1048576,1048688,1.0001068115234375,217.5083,1.9559,True
sample_000018,zstd,1048576,1048609,1.0000314712524414,0.7603,0.3379,True
sample_000019,gzip,1048576,599997,0.5722017288208008,50.0565,3.8909,True
sample_000019,bz2,1048576,534084,0.5093421936035156,77.6512,52.8881,True
sample_000019,lzma,1048576,563736,0.5376205444335938,503.0091,33.7239,True
sample_000019,zstd,1048576,542747,0.517603874206543,12.1905,2.3254,True
sample_000020,gzip,1048576,1572,0.001499176025390625,2.0817,0.9704,True
sample_000020,bz2,1048576,139,0.00013256072998046875,139.6253,5.9212,True
sample_000020,lzma,1048576,292,0.000278472900390625,19.4879,1.9398,True
sample_000020,zstd,1048576,112,0.0001068115234375,0.3292,0.4143,True
sample_000021,gzip,1048576,9519,0.009078025817871094,30.1056,0.8388,True
sample_000021,bz2,1048576,11341,0.010815620422363281,7.3831,4.2275,True
sample_000021,lzma,1048576,7920,0.0075531005859375,47.3016,3.4649,True
sample_000021,zstd,1048576,9458,0.009019851684570312,0.6623,0.5667,True
sample_000022,gzip,1048576,137420,0.13105392456054688,32.8429,1.8057,True
sample_000022,bz2,1048576,104632,0.09978485107421875,114.4463,40.384,True
sample_000022,lzma,1048576,100252,0.09560775756835938,592.3843,9.2933,True
sample_000022,zstd,1048576,172555,0.16456127166748047,5.5283,2.1891,True
sample_000023,gzip,1048576,364627,0.3477354049682617,35.4558,1.8865,True
sample_000023,bz2,1048576,349236,0.3330574035644531,267.2528,28.4889,True
sample_000023,lzma,1048576,343440,0.3275299072265625,199.9078,17.6716,True
sample_000023,zstd,1048576,353559,0.33718013763427734,4.2048,1.2226,True
sample_000024,gzip,16384,16407,1.00140380859375,0.2815,0.0124,True
sample_000024,bz2,16384,16849,1.02838134765625,4.0416,1.0519,True
sample_000024,lzma,16384,16444,1.003662109375,9.592,0.0658,True
sample_000024,zstd,16384,16394,1.0006103515625,0.0424,0.0034,True
sample_000025,gzip,16384,5199,0.31732177734375,3.3407,0.0447,True
sample_000025,bz2,16384,4577,0.27935791015625,2.0885,0.4365,True
sample_000025,lzma,16384,4932,0.301025390625,10.5794,0.4223,True
sample_000025,zstd,16384,5553,0.33892822265625,0.1897,0.0642,True
sample_000026,gzip,16384,270,0.0164794921875,0.0616,0.0177,True
sample_000026,bz2,16384,389,0.02374267578125,4.0835,0.2121,True
sample_000026,lzma,16384,256,0.015625,5.0037,0.0891,True
sample_000026,zstd,16384,148,0.009033203125,0.0175,0.0037,True
sample_000027,gzip,16384,97,0.00592041015625,0.1714,0.0149,True
sample_000027,bz2,16384,150,0.0091552734375,0.1781,0.0816,True
sample_000027,lzma,16384,156,0.009521484375,4.9038,0.0999,True
sample_000027,zstd,16384,65,0.00396728515625,0.0236,0.0119,True
sample_000028,gzip,16384,2505,0.15289306640625,0.3364,0.0214,True
sample_000028,bz2,16384,1734,0.1058349609375,1.5389,0.2581,True
sample_000028,lzma,16384,2288,0.1396484375,8.6026,0.1716,True
sample_000028,zstd,16384,2799,0.17083740234375,0.0608,0.0238,True
sample_000029,gzip,16384,6213,0.37921142578125,0.2253,0.0347,True
sample_000029,bz2,16384,6173,0.37677001953125,2.5855,0.4219,True
sample_000029,lzma,16384,5772,0.352294921875,7.0585,0.3821,True
sample_000029,zstd,16384,6206,0.3787841796875,0.065,0.0189,True
sample_000030,gzip,65536,65574,1.000579833984375,1.4014,0.0195,True
sample_000030,bz2,65536,66177,1.0097808837890625,8.0426,3.0617,True
sample_000030,lzma,65536,65600,1.0009765625,19.0528,0.1164,True
sample_000030,zstd,65536,65546,1.000152587890625,0.0896,0.002,True
sample_000031,gzip,65536,10328,0.1575927734375,63.2259,0.0962,True
sample_000031,bz2,65536,10594,0.161651611328125,4.9824,1.6225,True
sample_000031,lzma,65536,9452,0.14422607421875,36.6674,0.4996,True
sample_000031,zstd,65536,12310,0.187835693359375,0.2213,0.0668,True
sample_000032,gzip,65536,189,0.0028839111328125,0.1484,0.025,True
sample_000032,bz2,65536,99,0.0015106201171875,9.5581,0.6891,True
sample_000032,lzma,65536,160,0.00244140625,5.8996,0.1082,True
sample_000032,zstd,65536,34,0.000518798828125,0.0745,0.0074,True
sample_000033,gzip,65536,2120,0.0323486328125,1.7109,0.0354,True
sample_000033,bz2,65536,2734,0.041717529296875,1.1789,0.3317,True
sample_000033,lzma,65536,1644,0.02508544921875,13.0847,0.2445,True
sample_000033,zstd,65536,1525,0.0232696533203125,0.1484,0.0244,True
sample_000034,gzip,65536,27109,0.4136505126953125,5.55,0.2071,True
sample_000034,bz2,65536,22915,0.3496551513671875,5.0728,2.014,True
sample_000034,lzma,65536,20904,0.3189697265625,19.8815,1.5121,True
sample_000034,zstd,65536,27387,0.4178924560546875,0.7136,0.1137,True
sample_000035,gzip,65536,22866,0.348907470703125,2.8219,0.1274,True
sample_000035,bz2,65536,22092,0.33709716796875,11.1216,1.612,True
sample_000035,lzma,65536,20288,0.3095703125,16.3783,1.431,True
sample_000035,zstd,65536,24097,0.3676910400390625,0.2701,0.0593,True
sample_000036,gzip,262144,262242,1.0003738403320312,5.063,0.2987,True
sample_000036,bz2,262144,263748,1.0061187744140625,23.5863,11.2739,True
sample_000036,lzma,262144,262216,1.000274658203125,64.4936,0.4145,True
sample_000036,zstd,262144,262159,1.0000572204589844,0.3427,0.0061,True
sample_000037,gzip,262144,39830,0.15193939208984375,331.305,0.2722,True
sample_000037,bz2,262144,42018,0.16028594970703125,19.8809,8.5582,True
sample_000037,lzma,262144,36568,0.139495849609375,169.3886,2.5156,True
sample_000037,zstd,262144,49447,0.18862533569335938,1.5871,0.4899,True
sample_000038,gzip,262144,572,0.0021820068359375,0.5467,0.2062,True
sample_000038,bz2,262144,105,0.000400543212890625,40.3861,3.3552,True
sample_000038,lzma,262144,192,0.000732421875,9.0849,0.7286,True
sample_000038,zstd,262144,48,0.00018310546875,0.2366,0.0565,True
sample_000039,gzip,262144,867,0.003307342529296875,1.9487,0.1279,True
sample_000039,bz2,262144,1641,0.006259918212890625,2.3429,1.0942,True
sample_000039,lzma,262144,776,0.002960205078125,11.2426,0.8989,True
sample_000039,zstd,262144,539,0.002056121826171875,0.3774,0.1497,True
sample_000040,gzip,262144,34696,0.132354736328125,10.3439,0.3115,True
sample_000040,bz2,262144,21011,0.08015060424804688,29.3489,6.3398,True
sample_000040,lzma,262144,27712,0.105712890625,126.6468,2.7133,True
sample_000040,zstd,262144,42427,0.16184616088867188,1.4621,0.4027,True
sample_000041,gzip,262144,95529,0.3644142150878906,8.0201,0.3578,True
sample_000041,bz2,262144,92515,0.3529167175292969,55.7889,7.4989,True
sample_000041,lzma,262144,89428,0.3411407470703125,62.2509,7.0879,True
sample_000041,zstd,262144,96311,0.3673973083496094,1.5312,0.2687,True
sample_000042,gzip,1048576,1048914,1.0003223419189453,34.7947,1.0577,True
sample_000042,bz2,1048576,1053210,1.0044193267822266,129.6792,69.7825,True
sample_000042,lzma,1048576,1048688,1.0001068115234375,279.67,2.0516,True
sample_000042,zstd,1048576,1048609,1.0000314712524414,1.3722,0.4363,True
sample_000043,gzip,1048576,157093,0.14981555938720703,1269.4992,2.3511,True
sample_000043,bz2,1048576,168075,0.16028881072998047,93.0733,39.549,True
sample_000043,lzma,1048576,142732,0.13611984252929688,933.498,8.3261,True
sample_000043,zstd,1048576,195841,0.1867685317993164,4.9293,2.2559,True
sample_000044,gzip,1048576,1574,0.0015010833740234375,1.3049,0.6541,True
sample_000044,bz2,1048576,148,0.000141143798828125,149.8753,5.808,True
sample_000044,lzma,1048576,292,0.000278472900390625,19.3127,2.9789,True
sample_000044,zstd,1048576,112,0.0001068115234375,0.4381,0.7949,True
sample_000045,gzip,1048576,3261,0.0031099319458007812,4.4523,0.7083,True
sample_000045,bz2,1048576,4687,0.004469871520996094,5.6032,3.0194,True
sample_000045,lzma,1048576,2680,0.00255584716796875,23.9946,3.3064,True
sample_000045,zstd,1048576,3473,0.0033121109008789062,0.4977,0.4742,True
sample_000046,gzip,1048576,137252,0.13089370727539062,26.4051,1.5224,True
sample_000046,bz2,1048576,104689,0.0998392105102539,144.416,32.7964,True
sample_000046,lzma,1048576,100564,0.09590530395507812,649.8532,11.0756,True
sample_000046,zstd,1048576,172526,0.1645336151123047,5.969,2.6871,True
sample_000047,gzip,1048576,420793,0.40129947662353516,55.7714,2.704,True
sample_000047,bz2,1048576,405553,0.3867654800415039,244.5399,27.1294,True
sample_000047,lzma,1048576,390992,0.3728790283203125,183.5049,11.7959,True
sample_000047,zstd,1048576,408314,0.38939857482910156,4.9065,0.9858,True
sample_000048,gzip,16384,16407,1.00140380859375,0.1778,0.0046,True
sample_000048,bz2,16384,16831,1.02728271484375,2.8968,0.6737,True
sample_000048,lzma,16384,16444,1.003662109375,7.8423,0.0646,True
sample_000048,zstd,16384,16394,1.0006103515625,0.0279,0.0025,True
sample_000049,gzip,16384,7563,0.46160888671875,1.1086,0.061,True
sample_000049,bz2,16384,6453,0.39385986328125,1.6267,0.5201,True
sample_000049,lzma,16384,7236,0.441650390625,8.4706,0.5114,True
sample_000049,zstd,16384,7395,0.45135498046875,0.2257,0.1095,True
sample_000050,gzip,16384,73,0.00445556640625,0.0255,0.0061,True
sample_000050,bz2,16384,68,0.004150390625,4.389,0.2018,True
sample_000050,lzma,16384,128,0.0078125,5.1434,0.0407,True
sample_000050,zstd,16384,26,0.0015869140625,0.0182,0.0035,True
sample_000051,gzip,16384,1923,0.11737060546875,0.3604,0.0264,True
sample_000051,bz2,16384,2429,0.14825439453125,1.1154,0.6171,True
sample_000051,lzma,16384,1464,0.08935546875,9.3964,0.1233,True
sample_000051,zstd,16384,1327,0.08099365234375,0.0283,0.0163,True
sample_000052,gzip,16384,2402,0.1466064453125,0.4654,0.0252,True
sample_000052,bz2,16384,1852,0.113037109375,1.7577,0.3046,True
sample_000052,lzma,16384,2144,0.130859375,9.9765,0.1886,True
sample_000052,zstd,16384,2687,0.16400146484375,0.1093,0.0257,True
sample_000053,gzip,16384,6870,0.4193115234375,0.3008,0.0369,True
sample_000053,bz2,16384,6870,0.4193115234375,2.6607,0.3621,True
sample_000053,lzma,16384,6124,0.373779296875,7.8309,0.4551,True
sample_000053,zstd,16384,6860,0.418701171875,0.092,0.0296,True
sample_000054,gzip,65536,65574,1.000579833984375,1.572,0.0261,True
sample_000054,bz2,65536,66190,1.009979248046875,9.0774,3.126,True
sample_000054,lzma,65536,65600,1.0009765625,20.5921,0.1174,True
sample_000054,zstd,65536,65546,1.000152587890625,0.0581,0.0038,True
sample_000055,gzip,65536,10348,0.15789794921875,57.2145,0.0665,True
sample_000055,bz2,65536,10581,0.1614532470703125,4.7762,1.375,True
sample_000055,lzma,65536,9448,0.1441650390625,41.6317,0.6957,True
sample_000055,zstd,65536,12272,0.187255859375,0.281,0.1232,True
sample_000056,gzip,65536,247,0.0037689208984375,0.0912,0.0346,True
sample_000056,bz2,65536,153,0.0023345947265625,12.3184,0.9521,True
sample_000056,lzma,65536,176,0.002685546875,5.8086,0.1962,True
sample_000056,zstd,65536,52,0.00079345703125,0.0224,0.01,True
sample_000057,gzip,65536,263,0.0040130615234375,0.3567,0.0414,True
sample_000057,bz2,65536,503,0.0076751708984375,0.6283,0.2213,True
sample_000057,lzma,65536,300,0.00457763671875,5.6138,0.2218,True
sample_000057,zstd,65536,202,0.003082275390625,0.0252,0.0228,True
sample_000058,gzip,65536,27106,0.413604736328125,5.501,0.2409,True
sample_000058,bz2,65536,22932,0.34991455078125,5.6324,2.5896,True
sample_000058,lzma,65536,20968,0.3199462890625,26.5051,2.032,True
sample_000058,zstd,65536,27294,0.416473388671875,0.4451,0.074,True
sample_000059,gzip,65536,20516,0.31304931640625,5.9577,0.1459,True
sample_000059,bz2,65536,20243,0.3088836669921875,14.155,2.0112,True
sample_000059,lzma,65536,18492,0.28216552734375,23.8926,1.4397,True
sample_000059,zstd,65536,20252,0.30902099609375,0.1999,0.0746,True
sample_000060,gzip,262144,262242,1.0003738403320312,7.3962,0.7148,True
sample_000060,bz2,262144,263739,1.0060844421386719,36.6609,17.0637,True
sample_000060,lzma,262144,262216,1.000274658203125,66.119,0.4564,True
sample_000060,zstd,262144,262159,1.0000572204589844,0.4135,0.0242,True
sample_000061,gzip,262144,76060,0.2901458740234375,177.2624,0.5268,True
sample_000061,bz2,262144,71804,0.2739105224609375,17.8325,8.2428,True
sample_000061,lzma,262144,73000,0.278472900390625,87.3304,4.9245,True
sample_000061,zstd,262144,85767,0.3271751403808594,2.8026,0.6566,True
sample_000062,gzip,262144,890,0.00339508056640625,0.7903,0.3385,True
sample_000062,bz2,262144,263,0.001003265380859375,76.6888,3.2714,True
sample_000062,lzma,262144,240,0.00091552734375,6.5804,0.4613,True
sample_000062,zstd,262144,98,0.00037384033203125,0.189,0.0097,True
sample_000063,gzip,262144,32432,0.12371826171875,12.7088,0.2526,True
sample_000063,bz2,262144,23977,0.09146499633789062,5.4344,2.1413,True
sample_000063,lzma,262144,21480,0.081939697265625,93.8678,2.75,True
sample_000063,zstd,262144,20864,0.07958984375,0.9129,0.3865,True
sample_000064,gzip,262144,102461,0.3908576965332031,33.4816,0.8919,True
sample_000064,bz2,262144,88791,0.3387107849121094,24.76,9.951,True
sample_000064,lzma,262144,77832,0.296905517578125,85.4865,5.4191,True
sample_000064,zstd,262144,114594,0.43714141845703125,2.0248,1.0552,True
sample_000065,gzip,262144,108323,0.4132194519042969,7.7583,1.2962,True
sample_000065,bz2,262144,106131,0.4048576354980469,43.268,8.1078,True
sample_000065,lzma,262144,101044,0.3854522705078125,49.4531,6.7517,True
sample_000065,zstd,262144,111122,0.42389678955078125,1.0656,0.2376,True
sample_000066,gzip,1048576,1048914,1.0003223419189453,30.9428,1.1231,True
sample_000066,bz2,1048576,1053788,1.0049705505371094,98.7999,66.2606,True
sample_000066,lzma,1048576,1048688,1.0001068115234375,260.5659,2.1883,True
sample_000066,zstd,1048576,1048609,1.0000314712524414,0.7297,0.3622,True
sample_000067,gzip,1048576,300678,0.28674888610839844,632.8678,1.9966,True
sample_000067,bz2,1048576,286800,0.2735137939453125,77.8671,45.6491,True
sample_000067,lzma,1048576,287236,0.2739295959472656,597.0173,15.199,True
sample_000067,zstd,1048576,325102,0.3100414276123047,5.0268,2.5904,True
sample_000068,gzip,1048576,3174,0.0030269622802734375,2.0097,0.8131,True
sample_000068,bz2,1048576,587,0.0005598068237304688,277.0912,5.1987,True
sample_000068,lzma,1048576,352,0.000335693359375,14.1211,2.079,True
sample_000068,zstd,1048576,170,0.0001621246337890625,0.3941,0.3738,True
sample_000069,gzip,1048576,33806,0.03223991394042969,28.9629,0.7931,True
sample_000069,bz2,1048576,29555,0.02818584442138672,7.7826,4.2996,True
sample_000069,lzma,1048576,25452,0.024272918701171875,149.9657,5.2294,True
sample_000069,zstd,1048576,26681,0.025444984436035156,1.3664,0.9358,True
sample_000070,gzip,1048576,137293,0.13093280792236328,41.3125,2.031,True
sample_000070,bz2,1048576,80793,0.07705020904541016,153.6592,32.8488,True
sample_000070,lzma,1048576,102892,0.09812545776367188,543.0408,7.53,True
sample_000070,zstd,1048576,169319,0.16147518157958984,3.8571,2.1032,True
sample_000071,gzip,1048576,309194,0.29487037658691406,226.7052,1.6271,True
sample_000071,bz2,1048576,302542,0.2885265350341797,235.8015,30.5759,True
sample_000071,lzma,1048576,294992,0.2813262939453125,277.5805,9.136,True
sample_000071,zstd,1048576,316828,0.3021507263183594,3.8606,1.4015,True
