sample_id,seed,split
sample_000000,20260983,train
sample_000001,20260984,train
sample_000002,20260985,train
sample_000003,20260986,train
sample_000004,20260987,train
sample_000005,20260988,train
sample_000006,20260989,train
sample_000007,20260990,train
sample_000008,20260991,train
sample_000009,20260992,train
sample_000010,20260993,test
sample_000011,20260994,train
sample_000012,20260995,train
sample_000013,20260996,train
sample_000014,20260997,train
sample_000015,20260998,train
sample_000016,20260999,train
sample_000017,20261000,train
sample_000018,20261001,train
sample_000019,20261002,train
sample_000020,20261003,train
sample_000021,20261004,train
sample_000022,20261005,train
sample_000023,20261006,test
sample_000024,20261007,train
sample_000025,20261008,test
sample_000026,20261009,train
sample_000027,20261010,train
sample_000028,20261011,train
sample_000029,20261012,train
sample_000030,20261013,test
sample_000031,20261014,train
sample_000032,20261015,train
sample_000033,20261016,train
sample_000034,20261017,train
sample_000035,20261018,train
sample_000036,20261019,train
sample_000037,20261020,train
sample_000038,20261021,train
sample_000039,20261022,test
sample_000040,20261023,train
sample_000041,20261024,train
sample_000042,20261025,train
sample_000043,20261026,train
sample_000044,20261027,test
sample_000045,20261028,train
sample_000046,20261029,train
sample_000047,20261030,train
sample_000048,20261031,train
sample_000049,20261032,train
sample_000050,20261033,train
sample_000051,20261034,train
sample_000052,20261035,train
sample_000053,20261036,train
sample_000054,20261037,test
sample_000055,20261038,test
sample_000056,20261039,train
sample_000057,20261040,train
sample_000058,20261041,train
sample_000059,20261042,test
sample_000060,20261043,test
sample_000061,20261044,train
sample_000062,20261045,train
sample_000063,20261046,test
sample_000064,20261047,train
sample_000065,20261048,train
sample_000066,20261049,test
sample_000067,20261050,test
sample_000068,20261051,train
sample_000069,20261052,train
sample_000070,20261053,test
sample_000071,20261054,train
sample_000072,20261055,test
sample_000073,20261056,train
sample_000074,20261057,train
sample_000075,20261058,train
sample_000076,20261059,test
sample_000077,20261060,train
sample_000078,20261061,test
sample_000079,20261062,train
sample_000080,20261063,train
sample_000081,20261064,train
sample_000082,20261065,train
sample_000083,20261066,train
sample_000084,20261067,train
sample_000085,20261068,train
sample_000086,20261069,test
sample_000087,20261070,train
sample_000088,20261071,test
sample_000089,20261072,train
sample_000090,20261073,train
sample_000091,20261074,train
sample_000092,20261075,train
sample_000093,20261076,train
sample_000094,20261077,train
sample_000095,20261078,train
sample_000096,20261079,test
sample_000097,20261080,train
sample_000098,20261081,train
sample_000099,20261082,train
sample_000100,20261083,train
sample_000101,20261084,test
sample_000102,20261085,train
sample_000103,20261086,train
sample_000104,20261087,train
sample_000105,20261088,train
sample_000106,20261089,train
sample_000107,20261090,test
sample_000108,20261091,train
sample_000109,20261092,train
sample_000110,20261093,test
sample_000111,20261094,train
sample_000112,20261095,train
sample_000113,20261096,train
sample_000114,20261097,train
sample_000115,20261098,train
sample_000116,20261099,train
sample_000117,20261100,train
sample_000118,20261101,train
sample_000119,20261102,train
sample_000120,20261103,test
sample_000121,20261104,train
sample_000122,20261105,train
sample_000123,20261106,train
sample_000124,20261107,train
sample_000125,20261108,train
sample_000126,20261109,train
sample_000127,20261110,train
sample_000128,20261111,train
sample_000129,20261112,train
sample_000130,20261113,train
sample_000131,20261114,train
sample_000132,20261115,train
sample_000133,20261116,train
sample_000134,20261117,train
sample_000135,20261118,train
sample_000136,20261119,test
sample_000137,20261120,test
sample_000138,20261121,train
sample_000139,20261122,test
sample_000140,20261123,train
sample_000141,20261124,train
sample_000142,20261125,train
sample_000143,20261126,train
sample_000144,20261127,train
sample_000145,20261128,train
sample_000146,20261129,train
sample_000147,20261130,train
sample_000148,20261131,train
sample_000149,20261132,train
sample_000150,20261133,train
sample_000151,20261134,train
sample_000152,20261135,train
sample_000153,20261136,train
sample_000154,20261137,train
sample_000155,20261138,train
sample_000156,20261139,train
sample_000157,20261140,train
sample_000158,20261141,test
sample_000159,20261142,train
sample_000160,20261143,train
sample_000161,20261144,train
sample_000162,20261145,train
sample_000163,20261146,train
sample_000164,20261147,train
sample_000165,20261148,train
sample_000166,20261149,train
sample_000167,20261150,train
sample_000168,20261151,test
sample_000169,20261152,train
sample_000170,20261153,train
sample_000171,20261154,train
sample_000172,20261155,train
sample_000173,20261156,train
sample_000174,20261157,test
sample_000175,20261158,train
sample_000176,20261159,train
sample_000177,20261160,train
sample_000178,20261161,train
sample_000179,20261162,train
sample_000180,20261163,train
sample_000181,20261164,train
sample_000182,20261165,train
sample_000183,20261166,train
sample_000184,20261167,test
sample_000185,20261168,train
sample_000186,20261169,train
sample_000187,20261170,train
sample_000188,20261171,train
sample_000189,20261172,train
sample_000190,20261173,train
sample_000191,20261174,train
sample_000192,20261175,train
sample_000193,20261176,train
sample_000194,20261177,train
sample_000195,20261178,train
sample_000196,20261179,train
sample_000197,20261180,train
sample_000198,20261181,test
sample_000199,20261182,test
sample_000200,20261183,train
sample_000201,20261184,train
sample_000202,20261185,train
sample_000203,20261186,train
sample_000204,20261187,train
sample_000205,20261188,train
sample_000206,20261189,train
sample_000207,20261190,train
sample_000208,20261191,test
sample_000209,20261192,test
sample_000210,20261193,test
sample_000211,20261194,train
sample_000212,20261195,train
sample_000213,20261196,test
sample_000214,20261197,train
sample_000215,20261198,test
sample_000216,20261199,train
sample_000217,20261200,train
sample_000218,20261201,test
sample_000219,20261202,train
sample_000220,20261203,train
sample_000221,20261204,test
sample_000222,20261205,train
sample_000223,20261206,train
sample_000224,20261207,train
sample_000225,20261208,train
sample_000226,20261209,train
sample_000227,20261210,train
sample_000228,20261211,train
sample_000229,20261212,train
sample_000230,20261213,train
sample_000231,20261214,train
sample_000232,20261215,train
sample_000233,20261216,train
sample_000234,20261217,train
sample_000235,20261218,test
sample_000236,20261219,train
sample_000237,20261220,test
sample_000238,20261221,train
sample_000239,20261222,train
sample_000240,20261223,train
sample_000241,20261224,train
sample_000242,20261225,train
sample_000243,20261226,train
sample_000244,20261227,test
sample_000245,20261228,train
sample_000246,20261229,train
sample_000247,20261230,test
sample_000248,20261231,train
sample_000249,20261232,test
sample_000250,20261233,train
sample_000251,20261234,train
sample_000252,20261235,train
sample_000253,20261236,train
sample_000254,20261237,train
sample_000255,20261238,train
sample_000256,20261239,test
sample_000257,20261240,train
sample_000258,20261241,train
sample_000259,20261242,test
sample_000260,20261243,test
sample_000261,20261244,test
sample_000262,20261245,train
sample_000263,20261246,train
sample_000264,20261247,train
sample_000265,20261248,test
sample_000266,20261249,train
sample_000267,20261250,train
sample_000268,20261251,train
sample_000269,20261252,train
sample_000270,20261253,train
sample_000271,20261254,train
sample_000272,20261255,train
sample_000273,20261256,train
sample_000274,20261257,train
sample_000275,20261258,train
sample_000276,20261259,train
sample_000277,20261260,test
sample_000278,20261261,train
sample_000279,20261262,train
sample_000280,20261263,train
sample_000281,20261264,test
sample_000282,20261265,train
sample_000283,20261266,train
sample_000284,20261267,train
sample_000285,20261268,train
sample_000286,20261269,test
sample_000287,20261270,train
sample_000288,20261271,train
sample_000289,20261272,train
sample_000290,20261273,test
sample_000291,20261274,train
sample_000292,20261275,train
sample_000293,20261276,train
sample_000294,20261277,test
sample_000295,20261278,train
sample_000296,20261279,test
sample_000297,20261280,train
sample_000298,20261281,test
sample_000299,20261282,test
sample_000300,20261283,train
sample_000301,20261284,train
sample_000302,20261285,train
sample_000303,20261286,train
sample_000304,20261287,train
sample_000305,20261288,test
sample_000306,20261289,train
sample_000307,20261290,train
sample_000308,20261291,train
sample_000309,20261292,test
sample_000310,20261293,test
sample_000311,20261294,train
sample_000312,20261295,test
sample_000313,20261296,train
sample_000314,20261297,test
sample_000315,20261298,train
sample_000316,20261299,train
sample_000317,20261300,train
sample_000318,20261301,test
sample_000319,20261302,train
sample_000320,20261303,train
sample_000321,20261304,test
sample_000322,20261305,train
sample_000323,20261306,test
sample_000324,20261307,train
sample_000325,20261308,train
sample_000326,20261309,train
sample_000327,20261310,test
sample_000328,20261311,train
sample_000329,20261312,train
sample_000330,20261313,train
sample_000331,20261314,test
sample_000332,20261315,test
sample_000333,20261316,train
sample_000334,20261317,test
sample_000335,20261318,train
sample_000336,20261319,train
sample_000337,20261320,train
sample_000338,20261321,train
sample_000339,20261322,train
sample_000340,20261323,train
sample_000341,20261324,train
sample_000342,20261325,train
sample_000343,20261326,train
sample_000344,20261327,train
sample_000345,20261328,train
sample_000346,20261329,train
sample_000347,20261330,train
sample_000348,20261331,train
sample_000349,20261332,train
sample_000350,20261333,test
sample_000351,20261334,test
sample_000352,20261335,train
sample_000353,20261336,train
sample_000354,20261337,train
sample_000355,20261338,test
sample_000356,20261339,train
sample_000357,20261340,test
sample_000358,20261341,train
sample_000359,20261342,train
sample_000360,20261343,train
sample_000361,20261344,train
sample_000362,20261345,train
sample_000363,20261346,test
sample_000364,20261347,train
sample_000365,20261348,test
sample_000366,20261349,train
sample_000367,20261350,train
sample_000368,20261351,train
sample_000369,20261352,train
sample_000370,20261353,train
sample_000371,20261354,test
sample_000372,20261355,train
sample_000373,20261356,train
sample_000374,20261357,train
sample_000375,20261358,train
sample_000376,20261359,train
sample_000377,20261360,test
sample_000378,20261361,train
sample_000379,20261362,train
sample_000380,20261363,test
sample_000381,20261364,test
sample_000382,20261365,train
sample_000383,20261366,train
sample_000384,20261367,train
sample_000385,20261368,train
sample_000386,20261369,train
sample_000387,20261370,train
sample_000388,20261371,test
sample_000389,20261372,train
sample_000390,20261373,train
sample_000391,20261374,train
sample_000392,20261375,train
sample_000393,20261376,train
sample_000394,20261377,test
sample_000395,20261378,train
sample_000396,20261379,train
sample_000397,20261380,train
sample_000398,20261381,train
sample_000399,20261382,train
sample_000400,20261383,train
sample_000401,20261384,train
sample_000402,20261385,train
sample_000403,20261386,train
sample_000404,20261387,train
sample_000405,20261388,test
sample_000406,20261389,train
sample_000407,20261390,train
sample_000408,20261391,train
sample_000409,20261392,train
sample_000410,20261393,train
sample_000411,20261394,train
sample_000412,20261395,train
sample_000413,20261396,train
sample_000414,20261397,train
sample_000415,20261398,train
sample_000416,20261399,train
sample_000417,20261400,train
sample_000418,20261401,train
sample_000419,20261402,train
sample_000420,20261403,test
sample_000421,20261404,train
sample_000422,20261405,train
sample_000423,20261406,test
sample_000424,20261407,train
sample_000425,20261408,train
sample_000426,20261409,train
sample_000427,20261410,train
sample_000428,20261411,test
sample_000429,20261412,test
sample_000430,20261413,train
sample_000431,20261414,train
sample_000432,20261415,test
sample_000433,20261416,train
sample_000434,20261417,train
sample_000435,20261418,train
sample_000436,20261419,train
sample_000437,20261420,train
sample_000438,20261421,train
sample_000439,20261422,train
sample_000440,20261423,test
sample_000441,20261424,train
sample_000442,20261425,train
sample_000443,20261426,train
sample_000444,20261427,train
sample_000445,20261428,test
sample_000446,20261429,train
sample_000447,20261430,test
sample_000448,20261431,train
sample_000449,20261432,train
sample_000450,20261433,train
sample_000451,20261434,train
sample_000452,20261435,train
sample_000453,20261436,test
sample_000454,20261437,train
sample_000455,20261438,train
sample_000456,20261439,test
sample_000457,20261440,train
sample_000458,20261441,train
sample_000459,20261442,train
sample_000460,20261443,train
sample_000461,20261444,train
sample_000462,20261445,train
sample_000463,20261446,train
sample_000464,20261447,train
sample_000465,20261448,test
sample_000466,20261449,train
sample_000467,20261450,train
sample_000468,20261451,test
sample_000469,20261452,train
sample_000470,20261453,train
sample_000471,20261454,train
sample_000472,20261455,train
sample_000473,20261456,train
sample_000474,20261457,train
sample_000475,20261458,train
sample_000476,20261459,train
sample_000477,20261460,train
sample_000478,20261461,train
sample_000479,20261462,train
sample_000480,20261463,train
sample_000481,20261464,test
sample_000482,20261465,test
sample_000483,20261466,train
sample_000484,20261467,train
sample_000485,20261468,train
sample_000486,20261469,test
sample_000487,20261470,train
sample_000488,20261471,train
sample_000489,20261472,train
sample_000490,20261473,train
sample_000491,20261474,train
sample_000492,20261475,train
sample_000493,20261476,test
sample_000494,20261477,train
sample_000495,20261478,test
sample_000496,20261479,train
sample_000497,20261480,train
sample_000498,20261481,train
sample_000499,20261482,train
sample_000500,20261483,test
sample_000501,20261484,test
sample_000502,20261485,train
sample_000503,20261486,train
sample_000504,20261487,train
sample_000505,20261488,train
sample_000506,20261489,train
sample_000507,20261490,train
sample_000508,20261491,train
sample_000509,20261492,train
sample_000510,20261493,train
sample_000511,20261494,train
sample_000512,20261495,train
sample_000513,20261496,train
sample_000514,20261497,test
sample_000515,20261498,train
sample_000516,20261499,test
sample_000517,20261500,train
sample_000518,20261501,train
sample_000519,20261502,test
sample_000520,20261503,train
sample_000521,20261504,train
sample_000522,20261505,train
sample_000523,20261506,test
sample_000524,20261507,train
sample_000525,20261508,test
sample_000526,20261509,test
sample_000527,20261510,test
sample_000528,20261511,test
sample_000529,20261512,test
sample_000530,20261513,train
sample_000531,20261514,test
sample_000532,20261515,train
sample_000533,20261516,train
sample_000534,20261517,train
sample_000535,20261518,train
sample_000536,20261519,test
sample_000537,20261520,train
sample_000538,20261521,train
sample_000539,20261522,train
sample_000540,20261523,train
sample_000541,20261524,test
sample_000542,20261525,test
sample_000543,20261526,train
sample_000544,20261527,test
sample_000545,20261528,train
sample_000546,20261529,train
sample_000547,20261530,train
sample_000548,20261531,test
sample_000549,20261532,train
sample_000550,20261533,train
sample_000551,20261534,test
sample_000552,20261535,train
sample_000553,20261536,train
sample_000554,20261537,train
sample_000555,20261538,train
sample_000556,20261539,train
sample_000557,20261540,test
sample_000558,20261541,test
sample_000559,20261542,train
sample_000560,20261543,train
sample_000561,20261544,train
sample_000562,20261545,train
sample_000563,20261546,train
sample_000564,20261547,train
sample_000565,20261548,train
sample_000566,20261549,train
sample_000567,20261550,train
sample_000568,20261551,train
sample_000569,20261552,train
sample_000570,20261553,train
sample_000571,20261554,train
sample_000572,20261555,train
sample_000573,20261556,train
sample_000574,20261557,train
sample_000575,20261558,train
sample_000576,20261559,test
sample_000577,20261560,train
sample_000578,20261561,test
sample_000579,20261562,train
sample_000580,20261563,train
sample_000581,20261564,train
sample_000582,20261565,train
sample_000583,20261566,train
sample_000584,20261567,train
sample_000585,20261568,train
sample_000586,20261569,train
sample_000587,20261570,train
sample_000588,20261571,train
sample_000589,20261572,train
sample_000590,20261573,train
sample_000591,20261574,train
sample_000592,20261575,train
sample_000593,20261576,test
sample_000594,20261577,test
sample_000595,20261578,train
sample_000596,20261579,test
sample_000597,20261580,train
sample_000598,20261581,test
sample_000599,20261582,test
sample_000600,20261583,train
sample_000601,20261584,train
sample_000602,20261585,train
sample_000603,20261586,train
sample_000604,20261587,test
sample_000605,20261588,test
sample_000606,20261589,train
sample_000607,20261590,train
sample_000608,20261591,train
sample_000609,20261592,train
sample_000610,20261593,train
sample_000611,20261594,test
sample_000612,20261595,train
sample_000613,20261596,train
sample_000614,20261597,train
sample_000615,20261598,train
sample_000616,20261599,train
sample_000617,20261600,train
sample_000618,20261601,test
sample_000619,20261602,train
sample_000620,20261603,train
sample_000621,20261604,test
sample_000622,20261605,train
sample_000623,20261606,train
sample_000624,20261607,train
sample_000625,20261608,test
sample_000626,20261609,train
sample_000627,20261610,train
sample_000628,20261611,test
sample_000629,20261612,train
sample_000630,20261613,test
sample_000631,20261614,train
sample_000632,20261615,train
sample_000633,20261616,train
sample_000634,20261617,train
sample_000635,20261618,train
sample_000636,20261619,train
sample_000637,20261620,train
sample_000638,20261621,train
sample_000639,20261622,train
sample_000640,20261623,train
sample_000641,20261624,train
sample_000642,20261625,train
sample_000643,20261626,train
sample_000644,20261627,train
sample_000645,20261628,train
sample_000646,20261629,train
sample_000647,20261630,train
sample_000648,20261631,train
sample_000649,20261632,test
sample_000650,20261633,train
sample_000651,20261634,train
sample_000652,20261635,train
sample_000653,20261636,train
sample_000654,20261637,train
sample_000655,20261638,test
sample_000656,20261639,test
sample_000657,20261640,train
sample_000658,20261641,train
sample_000659,20261642,train
sample_000660,20261643,train
sample_000661,20261644,train
sample_000662,20261645,train
sample_000663,20261646,train
sample_000664,20261647,test
sample_000665,20261648,train
sample_000666,20261649,train
sample_000667,20261650,train
sample_000668,20261651,train
sample_000669,20261652,train
sample_000670,20261653,train
sample_000671,20261654,train
sample_000672,20261655,train
sample_000673,20261656,train
sample_000674,20261657,train
sample_000675,20261658,train
sample_000676,20261659,train
sample_000677,20261660,train
sample_000678,20261661,train
sample_000679,20261662,train
sample_000680,20261663,train
sample_000681,20261664,train
sample_000682,20261665,test
sample_000683,20261666,train
sample_000684,20261667,train
sample_000685,20261668,train
sample_000686,20261669,train
sample_000687,20261670,train
sample_000688,20261671,train
sample_000689,20261672,train
sample_000690,20261673,train
sample_000691,20261674,train
sample_000692,20261675,train
sample_000693,20261676,train
sample_000694,20261677,test
sample_000695,20261678,train
sample_000696,20261679,train
sample_000697,20261680,train
sample_000698,20261681,train
sample_000699,20261682,train
sample_000700,20261683,train
sample_000701,20261684,train
sample_000702,20261685,train
sample_000703,20261686,train
sample_000704,20261687,train
sample_000705,20261688,test
sample_000706,20261689,train
sample_000707,20261690,train
sample_000708,20261691,train
sample_000709,20261692,train
sample_000710,20261693,train
sample_000711,20261694,train
sample_000712,20261695,train
sample_000713,20261696,train
sample_000714,20261697,train
sample_000715,20261698,train
sample_000716,20261699,train
sample_000717,20261700,train
sample_000718,20261701,test
sample_000719,20261702,train
sample_000720,20261703,train
sample_000721,20261704,test
sample_000722,20261705,train
sample_000723,20261706,train
sample_000724,20261707,train
sample_000725,20261708,train
sample_000726,20261709,train
sample_000727,20261710,train
sample_000728,20261711,train
sample_000729,20261712,train
sample_000730,20261713,train
sample_000731,20261714,train
sample_000732,20261715,test
sample_000733,20261716,train
sample_000734,20261717,test
sample_000735,20261718,train
sample_000736,20261719,test
sample_000737,20261720,test
sample_000738,20261721,train
sample_000739,20261722,test
sample_000740,20261723,test
sample_000741,20261724,train
sample_000742,20261725,train
sample_000743,20261726,test
sample_000744,20261727,train
sample_000745,20261728,test
sample_000746,20261729,test
sample_000747,20261730,train
sample_000748,20261731,train
sample_000749,20261732,train
sample_000750,20261733,train
sample_000751,20261734,train
sample_000752,20261735,train
sample_000753,20261736,train
sample_000754,20261737,test
sample_000755,20261738,train
sample_000756,20261739,train
sample_000757,20261740,train
sample_000758,20261741,test
sample_000759,20261742,train
sample_000760,20261743,train
sample_000761,20261744,train
sample_000762,20261745,train
sample_000763,20261746,train
sample_000764,20261747,train
sample_000765,20261748,train
sample_000766,20261749,train
sample_000767,20261750,train
sample_000768,20261751,train
sample_000769,20261752,train
sample_000770,20261753,train
sample_000771,20261754,train
sample_000772,20261755,train
sample_000773,20261756,train
sample_000774,20261757,test
sample_000775,20261758,train
sample_000776,20261759,train
sample_000777,20261760,train
sample_000778,20261761,train
sample_000779,20261762,train
sample_000780,20261763,train
sample_000781,20261764,train
sample_000782,20261765,train
sample_000783,20261766,train
sample_000784,20261767,train
sample_000785,20261768,train
sample_000786,20261769,train
sample_000787,20261770,train
sample_000788,20261771,test
sample_000789,20261772,train
sample_000790,20261773,train
sample_000791,20261774,train
sample_000792,20261775,test
sample_000793,20261776,train
sample_000794,20261777,train
sample_000795,20261778,train
sample_000796,20261779,train
sample_000797,20261780,train
sample_000798,20261781,train
sample_000799,20261782,train
sample_000800,20261783,train
sample_000801,20261784,train
sample_000802,20261785,train
sample_000803,20261786,train
sample_000804,20261787,train
sample_000805,20261788,train
sample_000806,20261789,test
sample_000807,20261790,test
sample_000808,20261791,train
sample_000809,20261792,train
sample_000810,20261793,train
sample_000811,20261794,test
sample_000812,20261795,train
sample_000813,20261796,train
sample_000814,20261797,train
sample_000815,20261798,train
sample_000816,20261799,test
sample_000817,20261800,test
sample_000818,20261801,train
sample_000819,20261802,train
sample_000820,20261803,train
sample_000821,20261804,train
sample_000822,20261805,train
sample_000823,20261806,train
sample_000824,20261807,train
sample_000825,20261808,train
sample_000826,20261809,train
sample_000827,20261810,test
sample_000828,20261811,train
sample_000829,20261812,train
sample_000830,20261813,test
sample_000831,20261814,train
sample_000832,20261815,test
sample_000833,20261816,train
sample_000834,20261817,train
sample_000835,20261818,test
sample_000836,20261819,train
sample_000837,20261820,train
sample_000838,20261821,train
sample_000839,20261822,train
sample_000840,20261823,train
sample_000841,20261824,test
sample_000842,20261825,test
sample_000843,20261826,train
sample_000844,20261827,train
sample_000845,20261828,train
sample_000846,20261829,train
sample_000847,20261830,train
sample_000848,20261831,train
sample_000849,20261832,train
sample_000850,20261833,train
sample_000851,20261834,train
sample_000852,20261835,train
sample_000853,20261836,train
sample_000854,20261837,train
sample_000855,20261838,test
sample_000856,20261839,train
sample_000857,20261840,test
sample_000858,20261841,train
sample_000859,20261842,train
sample_000860,20261843,train
sample_000861,20261844,train
sample_000862,20261845,train
sample_000863,20261846,train
sample_000864,20261847,train
sample_000865,20261848,train
sample_000866,20261849,train
sample_000867,20261850,train
sample_000868,20261851,train
sample_000869,20261852,train
sample_000870,20261853,train
sample_000871,20261854,train
sample_000872,20261855,train
sample_000873,20261856,test
sample_000874,20261857,train
sample_000875,20261858,train
sample_000876,20261859,test
sample_000877,20261860,test
sample_000878,20261861,train
sample_000879,20261862,train
sample_000880,20261863,train
sample_000881,20261864,train
sample_000882,20261865,train
sample_000883,20261866,train
sample_000884,20261867,train
sample_000885,20261868,test
sample_000886,20261869,train
sample_000887,20261870,train
sample_000888,20261871,train
sample_000889,20261872,test
sample_000890,20261873,train
sample_000891,20261874,train
sample_000892,20261875,train
sample_000893,20261876,train
sample_000894,20261877,test
sample_000895,20261878,train
sample_000896,20261879,train
sample_000897,20261880,train
sample_000898,20261881,train
sample_000899,20261882,test
sample_000900,20261883,test
sample_000901,20261884,train
sample_000902,20261885,test
sample_000903,20261886,train
sample_000904,20261887,train
sample_000905,20261888,test
sample_000906,20261889,train
sample_000907,20261890,train
sample_000908,20261891,test
sample_000909,20261892,train
sample_000910,20261893,train
sample_000911,20261894,train
sample_000912,20261895,train
sample_000913,20261896,train
sample_000914,20261897,test
sample_000915,20261898,train
sample_000916,20261899,test
sample_000917,20261900,test
sample_000918,20261901,train
sample_000919,20261902,train
sample_000920,20261903,train
sample_000921,20261904,train
sample_000922,20261905,test
sample_000923,20261906,train
sample_000924,20261907,train
sample_000925,20261908,train
sample_000926,20261909,train
sample_000927,20261910,train
sample_000928,20261911,train
sample_000929,20261912,train
sample_000930,20261913,test
sample_000931,20261914,test
sample_000932,20261915,train
sample_000933,20261916,train
sample_000934,20261917,train
sample_000935,20261918,test
sample_000936,20261919,train
sample_000937,20261920,train
sample_000938,20261921,test
sample_000939,20261922,train
sample_000940,20261923,train
sample_000941,20261924,test
sample_000942,20261925,train
sample_000943,20261926,train
sample_000944,20261927,test
sample_000945,20261928,train
sample_000946,20261929,train
sample_000947,20261930,test
sample_000948,20261931,train
sample_000949,20261932,test
sample_000950,20261933,train
sample_000951,20261934,train
sample_000952,20261935,train
sample_000953,20261936,train
sample_000954,20261937,test
sample_000955,20261938,train
sample_000956,20261939,train
sample_000957,20261940,train
sample_000958,20261941,train
sample_000959,20261942,train
sample_000960,20261943,train
sample_000961,20261944,train
sample_000962,20261945,test
sample_000963,20261946,test
sample_000964,20261947,train
sample_000965,20261948,train
sample_000966,20261949,train
sample_000967,20261950,test
sample_000968,20261951,train
sample_000969,20261952,train
sample_000970,20261953,train
sample_000971,20261954,train
sample_000972,20261955,train
sample_000973,20261956,train
sample_000974,20261957,train
sample_000975,20261958,train
sample_000976,20261959,train
sample_000977,20261960,train
sample_000978,20261961,train
sample_000979,20261962,train
sample_000980,20261963,train
sample_000981,20261964,test
sample_000982,20261965,test
sample_000983,20261966,train
sample_000984,20261967,train
sample_000985,20261968,train
sample_000986,20261969,train
sample_000987,20261970,train
sample_000988,20261971,train
sample_000989,20261972,train
sample_000990,20261973,train
sample_000991,20261974,train
sample_000992,20261975,train
sample_000993,20261976,test
sample_000994,20261977,train
sample_000995,20261978,train
sample_000996,20261979,train
sample_000997,20261980,train
sample_000998,20261981,train
sample_000999,20261982,train
sample_001000,20261983,train
sample_001001,20261984,train
sample_001002,20261985,train
sample_001003,20261986,test
sample_001004,20261987,train
sample_001005,20261988,train
sample_001006,20261989,train
sample_001007,20261990,train
